date,close,high,low,open
27.05.2015__00:00__AM,132.045,132.26,130.05,130.34
28.05.2015__00:00__AM,131.78,131.95,131.1,131.86
29.05.2015__00:00__AM,130.28,131.45,129.9,131.23
01.06.2015__00:00__AM,130.535,131.39,130.05,131.2
02.06.2015__00:00__AM,129.96,130.655,129.32,129.86
03.06.2015__00:00__AM,130.12,130.94,129.9,130.66
04.06.2015__00:00__AM,129.36,130.58,128.91,129.58
05.06.2015__00:00__AM,128.65,129.69,128.36,129.5
08.06.2015__00:00__AM,127.8,129.21,126.83,128.9
09.06.2015__00:00__AM,127.42,128.08,125.62,126.7
10.06.2015__00:00__AM,128.88,129.34,127.85,127.92
11.06.2015__00:00__AM,128.59,130.18,128.475,129.18
12.06.2015__00:00__AM,127.17,128.33,127.11,128.185
15.06.2015__00:00__AM,126.92,127.24,125.71,126.1
16.06.2015__00:00__AM,127.6,127.85,126.37,127.03
17.06.2015__00:00__AM,127.3,127.88,126.74,127.72
18.06.2015__00:00__AM,127.88,128.31,127.22,127.23
19.06.2015__00:00__AM,126.6,127.82,126.4,127.71
22.06.2015__00:00__AM,127.61,128.06,127.08,127.49
23.06.2015__00:00__AM,127.03,127.61,126.8792,127.48
24.06.2015__00:00__AM,128.11,129.8,127.12,127.21
25.06.2015__00:00__AM,127.5,129.2,127.5,128.86
26.06.2015__00:00__AM,126.75,127.99,126.51,127.67
29.06.2015__00:00__AM,124.53,126.47,124.48,125.46
30.06.2015__00:00__AM,125.425,126.12,124.86,125.57
01.07.2015__00:00__AM,126.6,126.94,125.99,126.9
02.07.2015__00:00__AM,126.44,126.69,125.77,126.43
06.07.2015__00:00__AM,126.0,126.23,124.85,124.94
07.07.2015__00:00__AM,125.69,126.15,123.77,125.89
08.07.2015__00:00__AM,122.57,124.64,122.54,124.48
09.07.2015__00:00__AM,120.07,124.06,119.22,123.85
10.07.2015__00:00__AM,123.28,123.85,121.21,121.94
13.07.2015__00:00__AM,125.66,125.755,124.32,125.03
14.07.2015__00:00__AM,125.61,126.37,125.04,126.04
15.07.2015__00:00__AM,126.82,127.15,125.58,125.72
16.07.2015__00:00__AM,128.51,128.57,127.35,127.74
17.07.2015__00:00__AM,129.62,129.62,128.31,129.08
20.07.2015__00:00__AM,132.07,132.97,130.7,130.97
21.07.2015__00:00__AM,130.75,132.92,130.32,132.85
22.07.2015__00:00__AM,125.22,125.5,121.99,121.99
23.07.2015__00:00__AM,125.16,127.09,125.06,126.2
24.07.2015__00:00__AM,124.5,125.74,123.9,125.32
27.07.2015__00:00__AM,122.77,123.61,122.12,123.09
28.07.2015__00:00__AM,123.38,123.91,122.55,123.38
29.07.2015__00:00__AM,122.99,123.5,122.27,123.15
30.07.2015__00:00__AM,122.37,122.5699,121.71,122.32
31.07.2015__00:00__AM,121.3,122.6425,120.91,122.6
03.08.2015__00:00__AM,118.44,122.57,117.52,121.5
04.08.2015__00:00__AM,114.64,117.7,113.25,117.42
05.08.2015__00:00__AM,115.4,117.44,112.1,112.95
06.08.2015__00:00__AM,115.13,116.5,114.115,115.97
07.08.2015__00:00__AM,115.52,116.25,114.5,114.58
10.08.2015__00:00__AM,119.72,119.99,116.53,116.53
11.08.2015__00:00__AM,113.49,118.18,113.33,117.81
12.08.2015__00:00__AM,115.24,115.42,109.63,112.53
13.08.2015__00:00__AM,115.15,116.4,114.54,116.04
14.08.2015__00:00__AM,115.96,116.31,114.01,114.32
17.08.2015__00:00__AM,117.16,117.65,115.5,116.04
18.08.2015__00:00__AM,116.5,117.44,116.01,116.43
19.08.2015__00:00__AM,115.01,116.52,114.68,116.1
20.08.2015__00:00__AM,112.65,114.35,111.63,114.08
21.08.2015__00:00__AM,105.76,111.9,105.645,110.43
24.08.2015__00:00__AM,103.12,108.8,92.0,94.87
25.08.2015__00:00__AM,103.74,111.11,103.5,111.11
26.08.2015__00:00__AM,109.69,109.89,105.05,107.085
27.08.2015__00:00__AM,112.92,113.24,110.02,112.25
28.08.2015__00:00__AM,113.29,113.31,111.54,112.17
31.08.2015__00:00__AM,112.76,114.53,112.0,112.13
01.09.2015__00:00__AM,107.72,111.88,107.36,110.18
02.09.2015__00:00__AM,112.34,112.34,109.131,110.0
03.09.2015__00:00__AM,110.37,112.78,110.04,112.49
04.09.2015__00:00__AM,109.27,110.45,108.51,108.97
08.09.2015__00:00__AM,112.31,112.56,110.32,111.65
09.09.2015__00:00__AM,110.15,114.02,109.77,113.76
10.09.2015__00:00__AM,112.57,113.2825,109.9,110.27
11.09.2015__00:00__AM,114.21,114.21,111.76,111.79
14.09.2015__00:00__AM,115.31,116.89,114.86,116.58
15.09.2015__00:00__AM,116.28,116.53,114.42,115.93
16.09.2015__00:00__AM,116.41,116.54,115.44,116.25
17.09.2015__00:00__AM,113.92,116.49,113.715,115.66
18.09.2015__00:00__AM,113.45,114.3,111.87,112.21
21.09.2015__00:00__AM,115.21,115.37,113.66,113.67
22.09.2015__00:00__AM,113.4,114.18,112.5201,113.38
23.09.2015__00:00__AM,114.32,114.72,113.3,113.63
24.09.2015__00:00__AM,115.0,115.5,112.37,113.25
25.09.2015__00:00__AM,114.71,116.69,114.02,116.44
28.09.2015__00:00__AM,112.44,114.57,112.44,113.85
29.09.2015__00:00__AM,109.06,113.51,107.86,112.83
30.09.2015__00:00__AM,110.3,111.54,108.73,110.17
01.10.2015__00:00__AM,109.58,109.62,107.31,109.07
02.10.2015__00:00__AM,110.38,111.0136,107.55,108.01
05.10.2015__00:00__AM,110.78,111.3698,109.07,109.88
06.10.2015__00:00__AM,111.31,111.74,109.765,110.63
07.10.2015__00:00__AM,110.78,111.77,109.41,111.74
08.10.2015__00:00__AM,109.5,110.19,108.21,110.19
09.10.2015__00:00__AM,112.12,112.28,109.49,110.0
12.10.2015__00:00__AM,111.6,112.75,111.44,112.73
13.10.2015__00:00__AM,111.79,112.45,110.68,110.82
14.10.2015__00:00__AM,110.21,111.52,109.56,111.29
15.10.2015__00:00__AM,111.86,112.1,110.49,110.93
16.10.2015__00:00__AM,111.04,112.0,110.53,111.78
19.10.2015__00:00__AM,111.73,111.75,110.11,110.8
20.10.2015__00:00__AM,113.77,114.17,110.82,111.34
21.10.2015__00:00__AM,113.76,115.58,113.7,114.0
22.10.2015__00:00__AM,115.5,115.5,114.1,114.33
23.10.2015__00:00__AM,119.08,119.228,116.33,116.7
26.10.2015__00:00__AM,115.28,118.13,114.92,118.08
27.10.2015__00:00__AM,114.55,116.54,113.99,115.4
28.10.2015__00:00__AM,119.27,119.3,116.06,116.93
29.10.2015__00:00__AM,120.53,120.69,118.27,118.7
30.10.2015__00:00__AM,119.5,121.22,119.45,120.99
02.11.2015__00:00__AM,121.18,121.36,119.61,119.87
03.11.2015__00:00__AM,122.57,123.49,120.7,120.79
04.11.2015__00:00__AM,122.0,123.82,121.62,123.13
05.11.2015__00:00__AM,120.92,122.69,120.18,121.85
06.11.2015__00:00__AM,121.06,121.81,120.62,121.11
09.11.2015__00:00__AM,120.57,121.81,120.05,120.96
10.11.2015__00:00__AM,116.77,118.07,116.061,116.9
11.11.2015__00:00__AM,116.11,117.42,115.21,116.37
12.11.2015__00:00__AM,115.72,116.82,115.65,116.26
13.11.2015__00:00__AM,112.34,115.57,112.27,115.2
16.11.2015__00:00__AM,114.175,114.24,111.0,111.38
17.11.2015__00:00__AM,113.69,115.05,113.32,114.92
18.11.2015__00:00__AM,117.29,117.49,115.5,115.76
19.11.2015__00:00__AM,118.78,119.75,116.76,117.64
20.11.2015__00:00__AM,119.3,119.92,118.85,119.2
23.11.2015__00:00__AM,117.75,119.73,117.34,119.27
24.11.2015__00:00__AM,118.88,119.35,117.12,117.33
25.11.2015__00:00__AM,118.03,119.23,117.92,119.21
27.11.2015__00:00__AM,117.81,118.41,117.6,118.29
30.11.2015__00:00__AM,118.3,119.41,117.75,117.99
01.12.2015__00:00__AM,117.34,118.81,116.86,118.75
02.12.2015__00:00__AM,116.28,118.11,116.08,117.05
03.12.2015__00:00__AM,115.2,116.79,114.22,116.55
04.12.2015__00:00__AM,119.03,119.25,115.11,115.29
07.12.2015__00:00__AM,118.28,119.86,117.81,118.98
08.12.2015__00:00__AM,118.23,118.6,116.86,117.52
09.12.2015__00:00__AM,115.62,117.69,115.08,117.64
10.12.2015__00:00__AM,116.17,116.94,115.51,116.04
11.12.2015__00:00__AM,113.18,115.39,112.851,115.19
14.12.2015__00:00__AM,112.48,112.68,109.79,112.18
15.12.2015__00:00__AM,110.49,112.8,110.35,111.94
16.12.2015__00:00__AM,111.34,111.99,108.8,111.07
17.12.2015__00:00__AM,108.98,112.25,108.98,112.02
18.12.2015__00:00__AM,106.03,109.52,105.81,108.91
21.12.2015__00:00__AM,107.33,107.37,105.57,107.28
22.12.2015__00:00__AM,107.23,107.72,106.451,107.4
23.12.2015__00:00__AM,108.61,108.85,107.2,107.27
24.12.2015__00:00__AM,108.03,109.0,107.95,109.0
28.12.2015__00:00__AM,106.82,107.69,106.1807,107.59
29.12.2015__00:00__AM,108.74,109.43,106.86,106.96
30.12.2015__00:00__AM,107.32,108.7,107.18,108.58
31.12.2015__00:00__AM,105.26,107.03,104.82,107.01
04.01.2016__00:00__AM,105.35,105.368,102.0,102.61
05.01.2016__00:00__AM,102.71,105.85,102.41,105.75
06.01.2016__00:00__AM,100.7,102.37,99.87,100.56
07.01.2016__00:00__AM,96.45,100.13,96.43,98.68
08.01.2016__00:00__AM,96.96,99.11,96.76,98.55
11.01.2016__00:00__AM,98.53,99.06,97.34,98.97
12.01.2016__00:00__AM,99.96,100.69,98.8399,100.55
13.01.2016__00:00__AM,97.39,101.19,97.3,100.32
14.01.2016__00:00__AM,99.52,100.48,95.74,97.96
15.01.2016__00:00__AM,97.13,97.71,95.36,96.2
19.01.2016__00:00__AM,96.66,98.65,95.5,98.41
20.01.2016__00:00__AM,96.79,98.1897,93.42,95.1
21.01.2016__00:00__AM,96.3,97.88,94.94,97.06
22.01.2016__00:00__AM,101.42,101.46,98.37,98.63
25.01.2016__00:00__AM,99.44,101.53,99.21,101.52
26.01.2016__00:00__AM,99.99,100.88,98.07,99.93
27.01.2016__00:00__AM,93.42,96.6289,93.34,96.04
28.01.2016__00:00__AM,94.09,94.52,92.39,93.79
29.01.2016__00:00__AM,97.34,97.34,94.35,94.79
01.02.2016__00:00__AM,96.43,96.71,95.4,96.47
02.02.2016__00:00__AM,94.48,96.04,94.28,95.42
03.02.2016__00:00__AM,96.35,96.84,94.08,95.0
04.02.2016__00:00__AM,96.6,97.33,95.19,95.86
05.02.2016__00:00__AM,94.02,96.92,93.69,96.52
08.02.2016__00:00__AM,95.01,95.7,93.04,93.13
09.02.2016__00:00__AM,94.99,95.94,93.93,94.29
10.02.2016__00:00__AM,94.27,96.35,94.1,95.92
11.02.2016__00:00__AM,93.7,94.72,92.59,93.79
12.02.2016__00:00__AM,93.99,94.5,93.01,94.19
16.02.2016__00:00__AM,96.64,96.85,94.61,95.02
17.02.2016__00:00__AM,98.12,98.21,96.15,96.67
18.02.2016__00:00__AM,96.26,98.89,96.091,98.84
19.02.2016__00:00__AM,96.04,96.7599,95.8,96.0
22.02.2016__00:00__AM,96.88,96.9,95.92,96.31
23.02.2016__00:00__AM,94.69,96.5,94.55,96.4
24.02.2016__00:00__AM,96.1,96.38,93.32,93.98
25.02.2016__00:00__AM,96.76,96.76,95.25,96.05
26.02.2016__00:00__AM,96.91,98.0237,96.58,97.2
29.02.2016__00:00__AM,96.69,98.23,96.65,96.86
01.03.2016__00:00__AM,100.53,100.77,97.42,97.65
02.03.2016__00:00__AM,100.75,100.89,99.64,100.51
03.03.2016__00:00__AM,101.5,101.7099,100.45,100.58
04.03.2016__00:00__AM,103.01,103.75,101.37,102.37
07.03.2016__00:00__AM,101.87,102.83,100.96,102.39
08.03.2016__00:00__AM,101.03,101.76,100.4,100.78
09.03.2016__00:00__AM,101.12,101.58,100.27,101.31
10.03.2016__00:00__AM,101.17,102.24,100.15,101.41
11.03.2016__00:00__AM,102.26,102.28,101.5,102.24
14.03.2016__00:00__AM,102.52,102.91,101.78,101.91
15.03.2016__00:00__AM,104.58,105.18,103.85,103.96
16.03.2016__00:00__AM,105.97,106.31,104.59,104.61
17.03.2016__00:00__AM,105.8,106.47,104.96,105.52
18.03.2016__00:00__AM,105.92,106.5,105.19,106.34
21.03.2016__00:00__AM,105.91,107.65,105.1401,105.93
22.03.2016__00:00__AM,106.72,107.29,105.21,105.25
23.03.2016__00:00__AM,106.13,107.07,105.9,106.48
24.03.2016__00:00__AM,105.67,106.25,104.89,105.47
28.03.2016__00:00__AM,105.19,106.19,105.06,106.0
29.03.2016__00:00__AM,107.68,107.79,104.88,104.89
30.03.2016__00:00__AM,109.56,110.42,108.6,108.65
31.03.2016__00:00__AM,108.99,109.9,108.88,109.72
01.04.2016__00:00__AM,109.99,110.0,108.2,108.78
04.04.2016__00:00__AM,111.12,112.19,110.27,110.42
05.04.2016__00:00__AM,109.81,110.73,109.42,109.51
06.04.2016__00:00__AM,110.96,110.98,109.2,110.23
07.04.2016__00:00__AM,108.54,110.42,108.121,109.95
08.04.2016__00:00__AM,108.66,109.77,108.17,108.91
11.04.2016__00:00__AM,109.02,110.61,108.83,108.97
12.04.2016__00:00__AM,110.44,110.5,108.66,109.34
13.04.2016__00:00__AM,112.04,112.34,110.8,110.8
14.04.2016__00:00__AM,112.1,112.39,111.33,111.62
15.04.2016__00:00__AM,109.85,112.3,109.73,112.11
18.04.2016__00:00__AM,107.48,108.95,106.94,108.89
19.04.2016__00:00__AM,106.91,108.0,106.23,107.88
20.04.2016__00:00__AM,107.13,108.09,106.06,106.64
21.04.2016__00:00__AM,105.97,106.93,105.52,106.93
22.04.2016__00:00__AM,105.68,106.48,104.62,105.01
25.04.2016__00:00__AM,105.08,105.65,104.51,105.0
26.04.2016__00:00__AM,104.35,105.3,103.91,103.91
27.04.2016__00:00__AM,97.82,98.71,95.68,96.0
28.04.2016__00:00__AM,94.83,97.88,94.25,97.61
29.04.2016__00:00__AM,93.74,94.72,92.51,93.99
02.05.2016__00:00__AM,93.64,94.08,92.4,93.965
03.05.2016__00:00__AM,95.18,95.74,93.68,94.2
04.05.2016__00:00__AM,94.19,95.9,93.82,95.2
05.05.2016__00:00__AM,93.24,94.07,92.68,94.0
06.05.2016__00:00__AM,92.72,93.45,91.85,93.37
09.05.2016__00:00__AM,92.79,93.77,92.59,93.0
10.05.2016__00:00__AM,93.42,93.57,92.11,93.33
11.05.2016__00:00__AM,92.51,93.57,92.46,93.48
12.05.2016__00:00__AM,90.34,92.78,89.47,92.72
13.05.2016__00:00__AM,90.52,91.67,90.0,90.0
16.05.2016__00:00__AM,93.88,94.39,91.65,92.39
17.05.2016__00:00__AM,93.49,94.7,93.01,94.55
18.05.2016__00:00__AM,94.56,95.21,93.89,94.16
19.05.2016__00:00__AM,94.2,94.64,93.57,94.64
20.05.2016__00:00__AM,95.22,95.43,94.52,94.64
23.05.2016__00:00__AM,96.43,97.19,95.67,95.87
24.05.2016__00:00__AM,97.9,98.09,96.84,97.22
25.05.2016__00:00__AM,99.62,99.74,98.11,98.67
26.05.2016__00:00__AM,100.41,100.73,98.64,99.68
27.05.2016__00:00__AM,100.35,100.47,99.245,99.44
31.05.2016__00:00__AM,99.86,100.4,98.82,99.6
01.06.2016__00:00__AM,98.46,99.54,98.33,99.02
02.06.2016__00:00__AM,97.72,97.84,96.63,97.6
03.06.2016__00:00__AM,97.92,98.27,97.45,97.79
06.06.2016__00:00__AM,98.63,101.89,97.55,97.99
07.06.2016__00:00__AM,99.03,99.87,98.96,99.25
08.06.2016__00:00__AM,98.94,99.56,98.68,99.02
09.06.2016__00:00__AM,99.65,99.99,98.46,98.5
10.06.2016__00:00__AM,98.83,99.3457,98.48,98.53
13.06.2016__00:00__AM,97.34,99.12,97.1,98.69
14.06.2016__00:00__AM,97.46,98.475,96.75,97.32
15.06.2016__00:00__AM,97.14,98.41,97.03,97.82
16.06.2016__00:00__AM,97.55,97.75,96.07,96.45
17.06.2016__00:00__AM,95.33,96.65,95.3,96.62
20.06.2016__00:00__AM,95.1,96.57,95.03,96.0
21.06.2016__00:00__AM,95.91,96.35,94.676,94.94
22.06.2016__00:00__AM,95.55,96.89,95.35,96.25
23.06.2016__00:00__AM,96.1,96.29,95.25,95.94
24.06.2016__00:00__AM,93.4,94.655,92.65,92.91
27.06.2016__00:00__AM,92.04,93.05,91.5,93.0
28.06.2016__00:00__AM,93.59,93.66,92.14,92.9
29.06.2016__00:00__AM,94.4,94.55,93.63,93.97
30.06.2016__00:00__AM,95.6,95.77,94.3,94.44
01.07.2016__00:00__AM,95.89,96.465,95.33,95.49
05.07.2016__00:00__AM,94.99,95.4,94.46,95.39
06.07.2016__00:00__AM,95.53,95.66,94.37,94.6
07.07.2016__00:00__AM,95.94,96.5,95.62,95.7
08.07.2016__00:00__AM,96.68,96.89,96.05,96.49
11.07.2016__00:00__AM,96.98,97.65,96.73,96.75
12.07.2016__00:00__AM,97.42,97.7,97.12,97.17
13.07.2016__00:00__AM,96.87,97.67,96.84,97.41
14.07.2016__00:00__AM,98.79,98.99,97.32,97.39
15.07.2016__00:00__AM,98.78,99.3,98.5,98.92
18.07.2016__00:00__AM,99.83,100.13,98.6,98.7
19.07.2016__00:00__AM,99.87,100.0,99.34,99.56
20.07.2016__00:00__AM,99.96,100.46,99.735,100.0
21.07.2016__00:00__AM,99.43,101.0,99.13,99.83
22.07.2016__00:00__AM,98.66,99.3,98.31,99.26
25.07.2016__00:00__AM,97.34,98.84,96.92,98.25
26.07.2016__00:00__AM,96.67,97.97,96.42,96.82
27.07.2016__00:00__AM,102.95,104.35,102.75,104.265
28.07.2016__00:00__AM,104.34,104.45,102.82,102.83
29.07.2016__00:00__AM,104.21,104.55,103.68,104.19
01.08.2016__00:00__AM,106.05,106.15,104.41,104.41
02.08.2016__00:00__AM,104.48,106.07,104.0,106.05
03.08.2016__00:00__AM,105.79,105.84,104.77,104.81
04.08.2016__00:00__AM,105.87,106.0,105.28,105.58
05.08.2016__00:00__AM,107.48,107.65,106.18,106.27
08.08.2016__00:00__AM,108.37,108.37,107.16,107.52
09.08.2016__00:00__AM,108.81,108.94,108.01,108.23
10.08.2016__00:00__AM,108.0,108.9,107.76,108.71
11.08.2016__00:00__AM,107.93,108.93,107.85,108.52
12.08.2016__00:00__AM,108.18,108.44,107.78,107.78
15.08.2016__00:00__AM,109.48,109.54,108.08,108.14
16.08.2016__00:00__AM,109.38,110.23,109.21,109.63
17.08.2016__00:00__AM,109.22,109.37,108.34,109.1
18.08.2016__00:00__AM,109.08,109.6,109.02,109.23
19.08.2016__00:00__AM,109.36,109.69,108.36,108.77
22.08.2016__00:00__AM,108.51,109.1,107.85,108.86
23.08.2016__00:00__AM,108.85,109.32,108.53,108.59
24.08.2016__00:00__AM,108.03,108.75,107.68,108.565
25.08.2016__00:00__AM,107.57,107.88,106.68,107.39
26.08.2016__00:00__AM,106.94,107.95,106.31,107.41
29.08.2016__00:00__AM,106.82,107.44,106.29,106.62
30.08.2016__00:00__AM,106.0,106.5,105.5,105.8
31.08.2016__00:00__AM,106.1,106.5699,105.64,105.66
01.09.2016__00:00__AM,106.73,106.8,105.62,106.14
02.09.2016__00:00__AM,107.73,108.0,106.82,107.7
06.09.2016__00:00__AM,107.7,108.3,107.51,107.9
07.09.2016__00:00__AM,108.36,108.76,107.07,107.83
08.09.2016__00:00__AM,105.52,107.27,105.24,107.25
09.09.2016__00:00__AM,103.13,105.72,103.13,104.64
12.09.2016__00:00__AM,105.44,105.72,102.53,102.65
13.09.2016__00:00__AM,107.95,108.79,107.24,107.51
14.09.2016__00:00__AM,111.77,113.03,108.6,108.73
15.09.2016__00:00__AM,115.57,115.73,113.49,113.86
16.09.2016__00:00__AM,114.92,116.13,114.04,115.12
19.09.2016__00:00__AM,113.58,116.18,113.25,115.19
20.09.2016__00:00__AM,113.57,114.12,112.51,113.05
21.09.2016__00:00__AM,113.55,113.989,112.441,113.85
22.09.2016__00:00__AM,114.62,114.94,114.0,114.35
23.09.2016__00:00__AM,112.71,114.79,111.55,114.42
26.09.2016__00:00__AM,112.88,113.39,111.55,111.64
27.09.2016__00:00__AM,113.09,113.18,112.34,113.0
28.09.2016__00:00__AM,113.95,114.64,113.43,113.69
29.09.2016__00:00__AM,112.18,113.8,111.8,113.16
30.09.2016__00:00__AM,113.05,113.37,111.8,112.46
03.10.2016__00:00__AM,112.52,113.05,112.28,112.71
04.10.2016__00:00__AM,113.0,114.31,112.63,113.06
05.10.2016__00:00__AM,113.05,113.66,112.69,113.4
06.10.2016__00:00__AM,113.89,114.34,113.13,113.7
07.10.2016__00:00__AM,114.06,114.56,113.51,114.31
10.10.2016__00:00__AM,116.05,116.75,114.72,115.02
11.10.2016__00:00__AM,116.3,118.69,116.2,117.7
12.10.2016__00:00__AM,117.34,117.98,116.75,117.35
13.10.2016__00:00__AM,116.98,117.44,115.72,116.79
14.10.2016__00:00__AM,117.63,118.17,117.13,117.88
17.10.2016__00:00__AM,117.55,117.84,116.78,117.33
18.10.2016__00:00__AM,117.47,118.21,117.45,118.18
19.10.2016__00:00__AM,117.12,117.76,113.8,117.25
20.10.2016__00:00__AM,117.06,117.38,116.33,116.86
21.10.2016__00:00__AM,116.6,116.91,116.28,116.81
24.10.2016__00:00__AM,117.65,117.74,117.0,117.1
25.10.2016__00:00__AM,118.25,118.36,117.31,117.95
26.10.2016__00:00__AM,115.59,115.7,113.31,114.31
27.10.2016__00:00__AM,114.48,115.86,114.1,115.39
28.10.2016__00:00__AM,113.72,115.21,113.45,113.87
31.10.2016__00:00__AM,113.54,114.23,113.2,113.65
01.11.2016__00:00__AM,111.49,113.77,110.53,113.46
02.11.2016__00:00__AM,111.59,112.35,111.23,111.4
03.11.2016__00:00__AM,109.83,111.46,109.55,110.98
04.11.2016__00:00__AM,108.84,110.25,108.11,108.53
07.11.2016__00:00__AM,110.41,110.51,109.46,110.08
08.11.2016__00:00__AM,111.06,111.72,109.7,110.31
09.11.2016__00:00__AM,110.88,111.32,108.05,109.88
10.11.2016__00:00__AM,107.79,111.09,105.83,111.09
11.11.2016__00:00__AM,108.43,108.87,106.55,107.12
14.11.2016__00:00__AM,105.71,107.809,104.08,107.71
15.11.2016__00:00__AM,107.11,107.68,106.1593,106.57
16.11.2016__00:00__AM,109.99,110.23,106.6,106.7
17.11.2016__00:00__AM,109.95,110.35,108.83,109.81
18.11.2016__00:00__AM,110.06,110.54,109.66,109.72
21.11.2016__00:00__AM,111.73,111.99,110.01,110.12
22.11.2016__00:00__AM,111.8,112.42,111.4,111.95
23.11.2016__00:00__AM,111.23,111.51,110.33,111.36
25.11.2016__00:00__AM,111.79,111.87,110.95,111.13
28.11.2016__00:00__AM,111.57,112.465,111.39,111.43
29.11.2016__00:00__AM,111.46,112.03,110.07,110.78
30.11.2016__00:00__AM,110.52,112.2,110.27,111.6
01.12.2016__00:00__AM,109.49,110.94,109.03,110.365
02.12.2016__00:00__AM,109.9,110.09,108.85,109.17
05.12.2016__00:00__AM,109.11,110.03,108.25,110.0
06.12.2016__00:00__AM,109.95,110.36,109.19,109.5
07.12.2016__00:00__AM,111.03,111.19,109.16,109.26
08.12.2016__00:00__AM,112.12,112.43,110.6,110.86
09.12.2016__00:00__AM,113.95,114.7,112.31,112.31
12.12.2016__00:00__AM,113.3,115.0,112.49,113.29
13.12.2016__00:00__AM,115.19,115.92,113.75,113.84
14.12.2016__00:00__AM,115.19,116.2,114.98,115.04
15.12.2016__00:00__AM,115.82,116.73,115.23,115.38
16.12.2016__00:00__AM,115.97,116.5,115.645,116.47
19.12.2016__00:00__AM,116.64,117.38,115.75,115.8
20.12.2016__00:00__AM,116.95,117.5,116.68,116.74
21.12.2016__00:00__AM,117.06,117.4,116.78,116.8
22.12.2016__00:00__AM,116.29,116.51,115.64,116.35
23.12.2016__00:00__AM,116.52,116.52,115.59,115.59
27.12.2016__00:00__AM,117.26,117.8,116.49,116.52
28.12.2016__00:00__AM,116.76,118.0166,116.2,117.52
29.12.2016__00:00__AM,116.73,117.1095,116.4,116.45
30.12.2016__00:00__AM,115.82,117.2,115.43,116.65
03.01.2017__00:00__AM,116.15,116.33,114.76,115.8
04.01.2017__00:00__AM,116.02,116.51,115.75,115.85
05.01.2017__00:00__AM,116.61,116.8642,115.81,115.92
06.01.2017__00:00__AM,117.91,118.16,116.47,116.78
09.01.2017__00:00__AM,118.99,119.43,117.94,117.95
10.01.2017__00:00__AM,119.11,119.38,118.3,118.77
11.01.2017__00:00__AM,119.75,119.93,118.6,118.74
12.01.2017__00:00__AM,119.25,119.3,118.21,118.895
13.01.2017__00:00__AM,119.04,119.62,118.81,119.11
17.01.2017__00:00__AM,120.0,120.24,118.22,118.34
18.01.2017__00:00__AM,119.99,120.5,119.71,120.0
19.01.2017__00:00__AM,119.78,120.09,119.37,119.4
20.01.2017__00:00__AM,120.0,120.45,119.7346,120.45
23.01.2017__00:00__AM,120.08,120.81,119.77,120.0
24.01.2017__00:00__AM,119.97,120.1,119.5,119.55
25.01.2017__00:00__AM,121.88,122.1,120.28,120.42
26.01.2017__00:00__AM,121.94,122.44,121.6,121.67
27.01.2017__00:00__AM,121.95,122.35,121.6,122.14
30.01.2017__00:00__AM,121.63,121.63,120.66,120.93
31.01.2017__00:00__AM,121.35,121.39,120.62,121.15
01.02.2017__00:00__AM,128.75,130.49,127.01,127.03
02.02.2017__00:00__AM,128.53,129.39,127.78,127.975
03.02.2017__00:00__AM,129.08,129.19,128.16,128.31
06.02.2017__00:00__AM,130.29,130.5,128.9,129.13
07.02.2017__00:00__AM,131.53,132.09,130.45,130.54
08.02.2017__00:00__AM,132.04,132.22,131.22,131.35
09.02.2017__00:00__AM,132.42,132.445,131.12,131.65
10.02.2017__00:00__AM,132.12,132.94,132.05,132.46
13.02.2017__00:00__AM,133.29,133.82,132.75,133.08
14.02.2017__00:00__AM,135.02,135.09,133.25,133.47
15.02.2017__00:00__AM,135.51,136.27,134.62,135.52
16.02.2017__00:00__AM,135.345,135.9,134.8398,135.67
17.02.2017__00:00__AM,135.72,135.83,135.1,135.1
21.02.2017__00:00__AM,136.7,136.75,135.98,136.23
22.02.2017__00:00__AM,137.11,137.12,136.11,136.43
23.02.2017__00:00__AM,136.53,137.48,136.3,137.38
24.02.2017__00:00__AM,136.66,136.66,135.28,135.91
27.02.2017__00:00__AM,136.93,137.435,136.28,137.14
28.02.2017__00:00__AM,136.99,137.435,136.7,137.08
01.03.2017__00:00__AM,139.79,140.15,137.595,137.89
02.03.2017__00:00__AM,138.96,140.2786,138.76,140.0
03.03.2017__00:00__AM,139.78,139.83,138.59,138.78
06.03.2017__00:00__AM,139.34,139.77,138.5959,139.365
07.03.2017__00:00__AM,139.52,139.98,138.79,139.06
08.03.2017__00:00__AM,139.0,139.8,138.82,138.95
09.03.2017__00:00__AM,138.68,138.79,137.05,138.74
10.03.2017__00:00__AM,139.14,139.3571,138.64,139.25
13.03.2017__00:00__AM,139.2,139.43,138.82,138.85
14.03.2017__00:00__AM,138.99,139.65,138.84,139.3
15.03.2017__00:00__AM,140.46,140.7501,139.025,139.41
16.03.2017__00:00__AM,140.69,141.02,140.26,140.72
17.03.2017__00:00__AM,139.99,141.0,139.89,141.0
20.03.2017__00:00__AM,141.46,141.5,140.23,140.4
21.03.2017__00:00__AM,139.84,142.8,139.73,142.11
22.03.2017__00:00__AM,141.42,141.6,139.76,139.845
23.03.2017__00:00__AM,140.92,141.5844,140.61,141.26
24.03.2017__00:00__AM,140.64,141.74,140.35,141.5
27.03.2017__00:00__AM,140.88,141.22,138.62,139.39
28.03.2017__00:00__AM,143.8,144.04,140.62,140.91
29.03.2017__00:00__AM,144.12,144.49,143.19,143.68
30.03.2017__00:00__AM,143.93,144.5,143.5,144.19
31.03.2017__00:00__AM,143.66,144.27,143.01,143.72
03.04.2017__00:00__AM,143.7,144.12,143.05,143.71
04.04.2017__00:00__AM,144.77,144.89,143.17,143.25
05.04.2017__00:00__AM,144.02,145.46,143.81,144.22
06.04.2017__00:00__AM,143.66,144.52,143.45,144.29
07.04.2017__00:00__AM,143.34,144.18,143.27,143.73
10.04.2017__00:00__AM,143.17,143.8792,142.9,143.6
11.04.2017__00:00__AM,141.63,143.35,140.06,142.94
12.04.2017__00:00__AM,141.8,142.15,141.01,141.6
13.04.2017__00:00__AM,141.05,142.38,141.05,141.91
17.04.2017__00:00__AM,141.83,141.88,140.87,141.48
18.04.2017__00:00__AM,141.2,142.04,141.11,141.41
19.04.2017__00:00__AM,140.68,142.0,140.45,141.88
20.04.2017__00:00__AM,142.44,142.92,141.16,141.22
21.04.2017__00:00__AM,142.27,142.68,141.85,142.44
24.04.2017__00:00__AM,143.64,143.95,143.18,143.5
25.04.2017__00:00__AM,144.53,144.9,143.87,143.91
26.04.2017__00:00__AM,143.68,144.6,143.3762,144.47
27.04.2017__00:00__AM,143.79,144.16,143.31,143.9225
28.04.2017__00:00__AM,143.65,144.3,143.27,144.09
01.05.2017__00:00__AM,146.58,147.2,144.96,145.1
02.05.2017__00:00__AM,147.51,148.09,146.84,147.54
03.05.2017__00:00__AM,147.06,147.49,144.27,145.59
04.05.2017__00:00__AM,146.53,147.14,145.81,146.52
05.05.2017__00:00__AM,148.96,148.98,146.76,146.76
08.05.2017__00:00__AM,153.01,153.7,149.03,149.03
09.05.2017__00:00__AM,153.99,154.88,153.45,153.87
10.05.2017__00:00__AM,153.26,153.94,152.11,153.63
11.05.2017__00:00__AM,153.95,154.07,152.31,152.45
12.05.2017__00:00__AM,156.1,156.42,154.67,154.7
15.05.2017__00:00__AM,155.7,156.65,155.05,156.01
16.05.2017__00:00__AM,155.47,156.06,154.72,155.94
17.05.2017__00:00__AM,150.25,154.57,149.71,153.6
18.05.2017__00:00__AM,152.54,153.34,151.13,151.27
19.05.2017__00:00__AM,153.06,153.98,152.63,153.38
22.05.2017__00:00__AM,153.99,154.58,152.91,154.0
23.05.2017__00:00__AM,153.8,154.9,153.31,154.9
24.05.2017__00:00__AM,153.34,154.17,152.67,153.84
25.05.2017__00:00__AM,153.87,154.35,153.03,153.73
26.05.2017__00:00__AM,153.61,154.24,153.31,154.0
30.05.2017__00:00__AM,153.67,154.43,153.33,153.42
31.05.2017__00:00__AM,152.76,154.17,152.38,153.97
01.06.2017__00:00__AM,153.18,153.33,152.22,153.17
02.06.2017__00:00__AM,155.45,155.45,152.89,153.58
05.06.2017__00:00__AM,153.93,154.45,153.46,154.34
06.06.2017__00:00__AM,154.45,155.81,153.78,153.9
07.06.2017__00:00__AM,155.37,155.98,154.48,155.02
08.06.2017__00:00__AM,154.99,155.54,154.4,155.25
09.06.2017__00:00__AM,148.98,155.19,146.02,155.19
12.06.2017__00:00__AM,145.42,146.09,142.51,145.74
13.06.2017__00:00__AM,146.59,147.45,145.15,147.16
14.06.2017__00:00__AM,145.16,147.5,143.84,147.5
15.06.2017__00:00__AM,144.29,144.4798,142.21,143.32
16.06.2017__00:00__AM,142.27,144.5,142.2,143.78
19.06.2017__00:00__AM,146.34,146.74,143.66,143.66
20.06.2017__00:00__AM,145.01,146.87,144.94,146.87
21.06.2017__00:00__AM,145.87,146.0693,144.61,145.52
22.06.2017__00:00__AM,145.63,146.7,145.1199,145.77
23.06.2017__00:00__AM,146.28,147.16,145.11,145.13
26.06.2017__00:00__AM,145.82,148.28,145.38,147.17
27.06.2017__00:00__AM,143.73,146.16,143.62,145.01
28.06.2017__00:00__AM,145.83,146.11,143.1601,144.49
29.06.2017__00:00__AM,143.68,145.13,142.28,144.71
30.06.2017__00:00__AM,144.02,144.96,143.78,144.45
03.07.2017__00:00__AM,143.5,145.3,143.1,144.88
05.07.2017__00:00__AM,144.09,144.79,142.7237,143.69
06.07.2017__00:00__AM,142.73,143.5,142.41,143.02
07.07.2017__00:00__AM,144.18,144.75,142.9,142.9
10.07.2017__00:00__AM,145.06,145.95,143.37,144.11
11.07.2017__00:00__AM,145.53,145.85,144.38,144.73
12.07.2017__00:00__AM,145.74,146.18,144.82,145.87
13.07.2017__00:00__AM,147.77,148.49,145.44,145.5
14.07.2017__00:00__AM,149.04,149.33,147.33,147.97
17.07.2017__00:00__AM,149.56,150.9,148.57,148.82
18.07.2017__00:00__AM,150.08,150.13,148.67,149.2
19.07.2017__00:00__AM,151.02,151.42,149.95,150.48
20.07.2017__00:00__AM,150.34,151.74,150.19,151.5
21.07.2017__00:00__AM,150.27,150.44,148.88,149.99
24.07.2017__00:00__AM,152.09,152.44,149.9,150.58
25.07.2017__00:00__AM,152.74,153.84,151.8,151.8
26.07.2017__00:00__AM,153.46,153.93,153.06,153.35
27.07.2017__00:00__AM,150.56,153.99,147.3,153.75
28.07.2017__00:00__AM,149.5,150.23,149.19,149.89
31.07.2017__00:00__AM,148.73,150.33,148.13,149.9
01.08.2017__00:00__AM,150.05,150.22,148.41,149.1
02.08.2017__00:00__AM,157.14,159.75,156.16,159.28
03.08.2017__00:00__AM,155.57,157.21,155.02,157.05
04.08.2017__00:00__AM,156.39,157.4,155.69,156.07
07.08.2017__00:00__AM,158.81,158.92,156.6701,157.06
08.08.2017__00:00__AM,160.08,161.83,158.27,158.6
09.08.2017__00:00__AM,161.06,161.27,159.11,159.26
10.08.2017__00:00__AM,155.32,160.0,154.63,159.9
11.08.2017__00:00__AM,157.48,158.5728,156.07,156.6
14.08.2017__00:00__AM,159.85,160.21,158.75,159.32
15.08.2017__00:00__AM,161.6,162.195,160.14,160.66
16.08.2017__00:00__AM,160.95,162.51,160.15,161.94
17.08.2017__00:00__AM,157.86,160.71,157.84,160.52
18.08.2017__00:00__AM,157.5,159.5,156.72,157.86
21.08.2017__00:00__AM,157.21,157.89,155.1101,157.5
22.08.2017__00:00__AM,159.78,160.0,158.02,158.23
23.08.2017__00:00__AM,159.98,160.47,158.88,159.07
24.08.2017__00:00__AM,159.27,160.74,158.55,160.43
25.08.2017__00:00__AM,159.86,160.56,159.27,159.65
28.08.2017__00:00__AM,161.47,162.0,159.93,160.14
29.08.2017__00:00__AM,162.91,163.12,160.0,160.1
30.08.2017__00:00__AM,163.35,163.89,162.61,163.8
31.08.2017__00:00__AM,164.0,164.52,163.48,163.64
01.09.2017__00:00__AM,164.05,164.94,163.63,164.8
05.09.2017__00:00__AM,162.08,164.25,160.56,163.75
06.09.2017__00:00__AM,161.91,162.99,160.52,162.71
07.09.2017__00:00__AM,161.26,162.24,160.36,162.09
08.09.2017__00:00__AM,158.63,161.15,158.53,160.86
11.09.2017__00:00__AM,161.5,162.05,159.89,160.5
12.09.2017__00:00__AM,160.86,163.96,158.77,162.61
13.09.2017__00:00__AM,159.65,159.96,157.91,159.87
14.09.2017__00:00__AM,158.28,159.4,158.09,158.99
15.09.2017__00:00__AM,159.88,160.97,158.0,158.47
18.09.2017__00:00__AM,158.67,160.5,157.995,160.11
19.09.2017__00:00__AM,158.73,159.77,158.44,159.51
20.09.2017__00:00__AM,156.07,158.26,153.83,157.9
21.09.2017__00:00__AM,153.39,155.8,152.75,155.8
22.09.2017__00:00__AM,151.89,152.27,150.56,152.02
25.09.2017__00:00__AM,150.55,151.83,149.16,149.99
26.09.2017__00:00__AM,153.14,153.92,151.69,151.78
27.09.2017__00:00__AM,154.23,154.7189,153.54,153.8
28.09.2017__00:00__AM,153.28,154.28,152.7,153.89
29.09.2017__00:00__AM,154.12,154.13,152.0,153.21
02.10.2017__00:00__AM,153.81,154.45,152.72,154.26
03.10.2017__00:00__AM,154.48,155.09,153.91,154.01
04.10.2017__00:00__AM,153.48,153.86,152.46,153.63
05.10.2017__00:00__AM,155.39,155.44,154.05,154.18
06.10.2017__00:00__AM,155.3,155.49,154.56,154.97
09.10.2017__00:00__AM,155.84,156.73,155.485,155.81
10.10.2017__00:00__AM,155.9,158.0,155.1,156.055
11.10.2017__00:00__AM,156.55,156.98,155.75,155.97
12.10.2017__00:00__AM,156.0,157.37,155.7299,156.35
13.10.2017__00:00__AM,156.99,157.28,156.41,156.73
16.10.2017__00:00__AM,159.88,160.0,157.65,157.9
17.10.2017__00:00__AM,160.47,160.87,159.23,159.78
18.10.2017__00:00__AM,159.76,160.71,159.6,160.42
19.10.2017__00:00__AM,155.98,157.08,155.02,156.75
20.10.2017__00:00__AM,156.25,157.75,155.96,156.61
23.10.2017__00:00__AM,156.17,157.69,155.5,156.89
24.10.2017__00:00__AM,157.1,157.42,156.2,156.29
25.10.2017__00:00__AM,156.41,157.55,155.27,156.91
26.10.2017__00:00__AM,157.41,157.8295,156.78,157.23
27.10.2017__00:00__AM,163.05,163.6,158.7,159.29
30.10.2017__00:00__AM,166.72,168.07,163.72,163.89
31.10.2017__00:00__AM,169.04,169.6499,166.94,167.9
01.11.2017__00:00__AM,166.89,169.94,165.61,169.87
02.11.2017__00:00__AM,168.11,168.5,165.28,167.64
03.11.2017__00:00__AM,172.5,174.26,171.12,174.0
06.11.2017__00:00__AM,174.25,174.99,171.72,172.365
07.11.2017__00:00__AM,174.81,175.25,173.6,173.91
08.11.2017__00:00__AM,176.24,176.24,174.33,174.66
09.11.2017__00:00__AM,175.88,176.095,173.14,175.11
10.11.2017__00:00__AM,174.67,175.38,174.27,175.11
13.11.2017__00:00__AM,173.97,174.5,173.4,173.5
14.11.2017__00:00__AM,171.34,173.48,171.18,173.04
15.11.2017__00:00__AM,169.08,170.3197,168.38,169.97
16.11.2017__00:00__AM,171.1,171.87,170.3,171.18
17.11.2017__00:00__AM,170.15,171.39,169.64,171.04
20.11.2017__00:00__AM,169.98,170.56,169.56,170.29
21.11.2017__00:00__AM,173.14,173.7,170.78,170.78
22.11.2017__00:00__AM,174.96,175.0,173.05,173.36
24.11.2017__00:00__AM,174.97,175.5,174.6459,175.1
27.11.2017__00:00__AM,174.09,175.08,173.34,175.05
28.11.2017__00:00__AM,173.07,174.87,171.86,174.3
29.11.2017__00:00__AM,169.48,172.92,167.16,172.63
30.11.2017__00:00__AM,171.85,172.14,168.44,170.43
01.12.2017__00:00__AM,171.05,171.67,168.5,169.95
04.12.2017__00:00__AM,169.8,172.62,169.63,172.48
05.12.2017__00:00__AM,169.64,171.52,168.4,169.06
06.12.2017__00:00__AM,169.01,170.2047,166.46,167.5
07.12.2017__00:00__AM,169.32,170.44,168.91,169.03
08.12.2017__00:00__AM,169.37,171.0,168.82,170.49
11.12.2017__00:00__AM,172.67,172.89,168.79,169.2
12.12.2017__00:00__AM,171.7,172.39,171.46099999999998,172.15
13.12.2017__00:00__AM,172.27,173.54,172.0,172.5
14.12.2017__00:00__AM,172.22,173.13,171.65,172.4
15.12.2017__00:00__AM,173.97,174.17,172.46,173.63
18.12.2017__00:00__AM,176.42,177.2,174.86,174.88
19.12.2017__00:00__AM,174.54,175.39,174.09,175.03
20.12.2017__00:00__AM,174.35,175.42,173.25,174.87
21.12.2017__00:00__AM,175.01,176.02,174.1,174.17
22.12.2017__00:00__AM,175.01,175.424,174.5,174.68
26.12.2017__00:00__AM,170.57,171.47,169.679,170.8
27.12.2017__00:00__AM,170.6,170.78,169.71,170.1
28.12.2017__00:00__AM,171.08,171.85,170.48,171.0
29.12.2017__00:00__AM,169.23,170.59,169.22,170.52
02.01.2018__00:00__AM,172.26,172.3,169.26,170.16
03.01.2018__00:00__AM,172.23,174.55,171.96,172.53
04.01.2018__00:00__AM,173.03,173.47,172.08,172.54
05.01.2018__00:00__AM,175.0,175.37,173.05,173.44
08.01.2018__00:00__AM,174.35,175.61,173.93,174.35
09.01.2018__00:00__AM,174.33,175.06,173.41,174.55
10.01.2018__00:00__AM,174.29,174.3,173.0,173.16
11.01.2018__00:00__AM,175.28,175.4886,174.49,174.59
12.01.2018__00:00__AM,177.09,177.36,175.65,176.18
16.01.2018__00:00__AM,176.19,179.39,176.14,177.9
17.01.2018__00:00__AM,179.1,179.25,175.07,176.15
18.01.2018__00:00__AM,179.26,180.1,178.25,179.37
19.01.2018__00:00__AM,178.46,179.58,177.41,178.61
22.01.2018__00:00__AM,177.0,177.78,176.6016,177.3
23.01.2018__00:00__AM,177.04,179.44,176.82,177.3
24.01.2018__00:00__AM,174.22,177.3,173.2,177.25
25.01.2018__00:00__AM,171.11,174.95,170.53,174.505
26.01.2018__00:00__AM,171.51,172.0,170.06,172.0
29.01.2018__00:00__AM,167.96,170.16,167.07,170.16
30.01.2018__00:00__AM,166.97,167.37,164.7,165.525
31.01.2018__00:00__AM,167.43,168.4417,166.5,166.87
01.02.2018__00:00__AM,167.78,168.62,166.76,167.165
02.02.2018__00:00__AM,160.5,166.8,160.1,166.0
05.02.2018__00:00__AM,156.49,163.88,156.0,159.1
06.02.2018__00:00__AM,163.03,163.72,154.0,154.83
07.02.2018__00:00__AM,159.54,163.4,159.0685,163.085
08.02.2018__00:00__AM,155.15,161.0,155.03,160.29
09.02.2018__00:00__AM,156.41,157.89,150.24,157.07
12.02.2018__00:00__AM,162.71,163.89,157.51,158.5
13.02.2018__00:00__AM,164.34,164.75,161.65,161.95
14.02.2018__00:00__AM,167.37,167.54,162.88,163.045
15.02.2018__00:00__AM,172.99,173.09,169.0,169.79
16.02.2018__00:00__AM,172.43,174.82,171.77,172.36
20.02.2018__00:00__AM,171.85,174.26,171.42,172.05
21.02.2018__00:00__AM,171.07,174.12,171.01,172.83
22.02.2018__00:00__AM,172.5,173.95,171.71,171.8
23.02.2018__00:00__AM,175.5,175.65,173.54,173.67
26.02.2018__00:00__AM,178.97,179.39,176.21,176.35
27.02.2018__00:00__AM,178.39,180.48,178.16,179.1
28.02.2018__00:00__AM,178.12,180.615,178.05,179.26
01.03.2018__00:00__AM,175.0,179.775,172.66,178.54
02.03.2018__00:00__AM,176.21,176.3,172.45,172.8
05.03.2018__00:00__AM,176.82,177.74,174.52,175.21
06.03.2018__00:00__AM,176.67,178.25,176.13,177.91
07.03.2018__00:00__AM,175.03,175.85,174.27,174.94
08.03.2018__00:00__AM,176.94,177.12,175.07,175.48
09.03.2018__00:00__AM,179.98,180.0,177.39,177.96
12.03.2018__00:00__AM,181.72,182.39,180.21,180.29
13.03.2018__00:00__AM,179.97,183.5,179.24,182.59
14.03.2018__00:00__AM,178.44,180.52,177.81,180.32
15.03.2018__00:00__AM,178.65,180.24,178.0701,178.5
16.03.2018__00:00__AM,178.02,179.12,177.62,178.65
19.03.2018__00:00__AM,175.3,177.47,173.66,177.32
20.03.2018__00:00__AM,175.24,176.8,174.94,175.24
21.03.2018__00:00__AM,171.27,175.09,171.26,175.04
22.03.2018__00:00__AM,168.85,172.68,168.6,170.0
23.03.2018__00:00__AM,164.94,169.92,164.94,168.39
26.03.2018__00:00__AM,172.77,173.1,166.44,168.07
27.03.2018__00:00__AM,168.34,175.15,166.92,173.68
28.03.2018__00:00__AM,166.48,170.02,165.19,167.25
29.03.2018__00:00__AM,167.78,171.75,166.9,167.805
02.04.2018__00:00__AM,166.68,168.94,164.47,167.88
03.04.2018__00:00__AM,168.39,168.7455,164.88,167.64
04.04.2018__00:00__AM,171.61,172.01,164.77,164.88
05.04.2018__00:00__AM,172.8,174.2304,172.08,172.58
06.04.2018__00:00__AM,168.38,172.48,168.2,170.97
09.04.2018__00:00__AM,170.05,173.09,169.845,169.88
10.04.2018__00:00__AM,173.25,174.0,171.53,173.0
11.04.2018__00:00__AM,172.44,173.9232,171.7,172.23
12.04.2018__00:00__AM,174.14,175.0,173.04,173.41
13.04.2018__00:00__AM,174.73,175.84,173.85,174.78
16.04.2018__00:00__AM,175.82,176.19,174.8301,175.0301
17.04.2018__00:00__AM,178.24,178.9365,176.41,176.49
18.04.2018__00:00__AM,177.84,178.82,176.88,177.81
19.04.2018__00:00__AM,172.8,175.39,172.66,174.95
20.04.2018__00:00__AM,165.72,171.2184,165.43,170.595
23.04.2018__00:00__AM,165.24,166.92,164.09,166.8348
24.04.2018__00:00__AM,162.94,166.33,161.2201,165.67
25.04.2018__00:00__AM,163.65,165.42,162.41,162.62
26.04.2018__00:00__AM,164.22,165.73,163.37,164.12
27.04.2018__00:00__AM,162.32,164.33,160.63,164.0
30.04.2018__00:00__AM,165.26,167.26,161.84,162.1302
01.05.2018__00:00__AM,169.1,169.2,165.27,166.4102
02.05.2018__00:00__AM,176.57,177.75,173.8,175.225
03.05.2018__00:00__AM,176.89,177.5,174.4411,175.88
04.05.2018__00:00__AM,183.83,184.25,178.17,178.25
07.05.2018__00:00__AM,185.16,187.67,184.75,185.18
08.05.2018__00:00__AM,186.05,186.22,183.665,184.99
09.05.2018__00:00__AM,187.36,187.4,185.22,186.55
10.05.2018__00:00__AM,190.04,190.37,187.65,187.74
11.05.2018__00:00__AM,188.59,190.06,187.45,189.49
14.05.2018__00:00__AM,188.15,189.53,187.86,189.01
15.05.2018__00:00__AM,186.44,187.07,185.1,186.78
16.05.2018__00:00__AM,188.18,188.46,186.0,186.07
17.05.2018__00:00__AM,186.99,188.91,186.36,188.0
18.05.2018__00:00__AM,186.31,187.8102,186.13,187.19
21.05.2018__00:00__AM,187.63,189.27,186.9106,188.0
22.05.2018__00:00__AM,187.16,188.88,186.78,188.375
23.05.2018__00:00__AM,188.36,188.5,185.76,186.35
24.05.2018__00:00__AM,188.15,188.84,186.21,188.77
25.05.2018__00:00__AM,188.58,189.65,187.65,188.23
29.05.2018__00:00__AM,187.9,188.75,186.87,187.6
30.05.2018__00:00__AM,187.5,188.0,186.78,187.72
31.05.2018__00:00__AM,186.87,188.23,186.14,187.22
01.06.2018__00:00__AM,190.24,190.26,187.75,187.9912
04.06.2018__00:00__AM,191.83,193.42,191.35,191.635
05.06.2018__00:00__AM,193.31,193.94,192.36,193.065
06.06.2018__00:00__AM,193.98,194.08,191.92,193.63
07.06.2018__00:00__AM,193.46,194.2,192.335,194.14
08.06.2018__00:00__AM,191.7,192.0,189.77,191.17
11.06.2018__00:00__AM,191.23,191.97,190.21,191.35
12.06.2018__00:00__AM,192.28,192.611,191.15,191.385
13.06.2018__00:00__AM,190.7,192.88,190.44,192.42
14.06.2018__00:00__AM,190.8,191.57,190.22,191.55
15.06.2018__00:00__AM,188.84,190.16,188.26,190.03
18.06.2018__00:00__AM,188.74,189.22,187.2,187.88
19.06.2018__00:00__AM,185.69,186.33,183.45,185.14
20.06.2018__00:00__AM,186.5,187.2,185.73,186.35
21.06.2018__00:00__AM,185.46,188.35,184.94,187.25
22.06.2018__00:00__AM,184.92,186.15,184.7,186.12
25.06.2018__00:00__AM,182.17,184.92,180.73,183.4
26.06.2018__00:00__AM,184.43,186.53,182.54,182.99
27.06.2018__00:00__AM,184.16,187.28,184.03,185.2278
28.06.2018__00:00__AM,185.5,186.21,183.8,184.1
29.06.2018__00:00__AM,185.11,187.19,182.91,186.29
02.07.2018__00:00__AM,187.18,187.3,183.42,183.82
03.07.2018__00:00__AM,183.92,187.95,183.54,187.79
05.07.2018__00:00__AM,185.4,186.41,184.28,185.26
06.07.2018__00:00__AM,187.97,188.43400000000003,185.2,185.42
09.07.2018__00:00__AM,190.58,190.68,189.3,189.5
10.07.2018__00:00__AM,190.35,191.28,190.1801,190.71
11.07.2018__00:00__AM,187.88,189.7799,187.61,188.5
12.07.2018__00:00__AM,191.03,191.41,189.31,189.53
13.07.2018__00:00__AM,191.33,191.84,190.9,191.08
16.07.2018__00:00__AM,190.91,192.65,190.415,191.52
17.07.2018__00:00__AM,191.45,191.87,189.2,189.75
18.07.2018__00:00__AM,190.4,191.8,189.93,191.78
19.07.2018__00:00__AM,191.88,192.55,189.69,189.69
20.07.2018__00:00__AM,191.44,192.43,190.17,191.78
23.07.2018__00:00__AM,191.61,191.96,189.56,190.68
24.07.2018__00:00__AM,193.0,193.6601,192.05,192.45
25.07.2018__00:00__AM,194.82,194.85,192.43,193.0602
26.07.2018__00:00__AM,194.21,195.96,193.61,194.61
27.07.2018__00:00__AM,190.98,195.19,190.1,194.99
30.07.2018__00:00__AM,189.91,192.2,189.07,191.9
31.07.2018__00:00__AM,190.29,192.14,189.34,190.3
01.08.2018__00:00__AM,201.5,201.76,197.31,199.13
02.08.2018__00:00__AM,207.39,208.38,200.35,200.58
03.08.2018__00:00__AM,207.99,208.74,205.4803,207.03
06.08.2018__00:00__AM,209.07,209.25,207.07,208.0
07.08.2018__00:00__AM,207.11,209.5,206.76,209.32
08.08.2018__00:00__AM,207.25,207.81,204.52,206.05
09.08.2018__00:00__AM,208.88,209.78,207.2,207.28
10.08.2018__00:00__AM,207.53,209.1,206.67,207.36
13.08.2018__00:00__AM,208.87,210.952,207.7,207.7
14.08.2018__00:00__AM,209.75,210.56,208.26,210.155
15.08.2018__00:00__AM,210.24,210.74,208.33,209.22
16.08.2018__00:00__AM,213.32,213.8121,211.47,211.75
17.08.2018__00:00__AM,217.58,217.95,213.16,213.44
20.08.2018__00:00__AM,215.46,219.18,215.11,218.1
21.08.2018__00:00__AM,215.04,217.19,214.025,216.8
22.08.2018__00:00__AM,215.05,216.36,213.84,214.1
23.08.2018__00:00__AM,215.49,217.05,214.6,214.65
24.08.2018__00:00__AM,216.16,216.9,215.11,216.6
27.08.2018__00:00__AM,217.94,218.74,216.33,217.15
28.08.2018__00:00__AM,219.7,220.54,218.92,219.01
29.08.2018__00:00__AM,222.98,223.49,219.41,220.15
30.08.2018__00:00__AM,225.03,228.26,222.4,223.25
31.08.2018__00:00__AM,227.63,228.87,226.0,226.51
04.09.2018__00:00__AM,228.36,229.18,226.63,228.41
05.09.2018__00:00__AM,226.87,229.67,225.1,228.99
06.09.2018__00:00__AM,223.1,227.35,221.3,226.23
07.09.2018__00:00__AM,221.3,225.37,220.71,221.85
10.09.2018__00:00__AM,218.33,221.85,216.47,220.95
11.09.2018__00:00__AM,223.85,224.299,216.56,218.01
12.09.2018__00:00__AM,221.07,225.0,219.84,224.94
13.09.2018__00:00__AM,226.41,228.35,222.57,223.52
14.09.2018__00:00__AM,223.84,226.84,222.522,225.75
17.09.2018__00:00__AM,217.88,222.95,217.27,222.15
18.09.2018__00:00__AM,218.24,221.85,217.12,217.79
19.09.2018__00:00__AM,218.37,219.62,215.3,218.5
20.09.2018__00:00__AM,220.03,222.28,219.15,220.24
21.09.2018__00:00__AM,217.66,221.36,217.29,220.78
24.09.2018__00:00__AM,220.79,221.26,216.63,216.82
25.09.2018__00:00__AM,222.19,222.82,219.7,219.75
26.09.2018__00:00__AM,220.42,223.75,219.76,221.0
27.09.2018__00:00__AM,224.95,226.44,223.54,223.82
28.09.2018__00:00__AM,225.74,225.84,224.02,224.79
01.10.2018__00:00__AM,227.26,229.42,226.35,227.95
02.10.2018__00:00__AM,229.28,230.0,226.63,227.25
03.10.2018__00:00__AM,232.07,233.47,229.78,230.05
04.10.2018__00:00__AM,227.99,232.35,226.73,230.78
05.10.2018__00:00__AM,224.29,228.41,220.58,227.96
08.10.2018__00:00__AM,223.77,224.8,220.2,222.21
09.10.2018__00:00__AM,226.87,227.27,222.2462,223.64
10.10.2018__00:00__AM,216.36,226.35,216.05,225.46
11.10.2018__00:00__AM,214.45,219.5,212.32,214.52
12.10.2018__00:00__AM,222.11,222.88,216.84,220.42
15.10.2018__00:00__AM,217.36,221.83,217.27,221.16
16.10.2018__00:00__AM,222.15,222.99,216.7627,218.93
17.10.2018__00:00__AM,221.19,222.64,219.34,222.3
18.10.2018__00:00__AM,216.02,219.74,213.0,217.86
19.10.2018__00:00__AM,219.31,221.26,217.43,218.06
22.10.2018__00:00__AM,220.65,223.36,218.94,219.79
23.10.2018__00:00__AM,222.73,223.25,214.7,215.83
24.10.2018__00:00__AM,215.09,224.23,214.54,222.6
25.10.2018__00:00__AM,219.8,221.38,216.75,217.71
26.10.2018__00:00__AM,216.3,220.19,212.67,215.9
29.10.2018__00:00__AM,212.24,219.69,206.09,219.19
30.10.2018__00:00__AM,213.3,215.18,209.27,211.15
31.10.2018__00:00__AM,218.86,220.45,216.62,216.88
01.11.2018__00:00__AM,222.22,222.36,216.81,219.05
02.11.2018__00:00__AM,207.48,213.65,205.43,209.55
05.11.2018__00:00__AM,201.59,204.39,198.17,204.3
06.11.2018__00:00__AM,203.77,204.72,201.69,201.92
07.11.2018__00:00__AM,209.95,210.06,204.13,205.97
08.11.2018__00:00__AM,208.49,210.12,206.75,209.98
09.11.2018__00:00__AM,204.47,206.01,202.25,205.55
12.11.2018__00:00__AM,194.17,199.85,193.79,199.0
13.11.2018__00:00__AM,192.23,197.18,191.4501,191.63
14.11.2018__00:00__AM,186.8,194.48,185.93,193.9
15.11.2018__00:00__AM,191.41,191.97,186.9,188.39
16.11.2018__00:00__AM,193.53,194.9695,189.46,190.5
19.11.2018__00:00__AM,185.86,190.7,184.99,190.0
20.11.2018__00:00__AM,176.98,181.47,175.51,178.37
21.11.2018__00:00__AM,176.78,180.27,176.55,179.73
23.11.2018__00:00__AM,172.29,176.595,172.1,174.94
26.11.2018__00:00__AM,174.62,174.95,170.26,174.24
27.11.2018__00:00__AM,174.24,174.77,170.88,171.51
28.11.2018__00:00__AM,180.94,181.29,174.93,176.73
29.11.2018__00:00__AM,179.55,182.8,177.7,182.66
30.11.2018__00:00__AM,178.58,180.33,177.03,180.29
03.12.2018__00:00__AM,184.82,184.94,181.21,184.46
04.12.2018__00:00__AM,176.69,182.3899,176.27,180.95
06.12.2018__00:00__AM,174.72,174.78,170.42,171.76
07.12.2018__00:00__AM,168.49,174.49,168.3,173.49
10.12.2018__00:00__AM,169.6,170.09,163.33,165.0
11.12.2018__00:00__AM,168.63,171.79,167.0,171.66
12.12.2018__00:00__AM,169.1,171.92,169.02,170.4
13.12.2018__00:00__AM,170.95,172.57,169.55,170.49
14.12.2018__00:00__AM,165.48,169.08,165.28,169.0
17.12.2018__00:00__AM,163.94,168.35,162.73,165.45
18.12.2018__00:00__AM,166.07,167.53,164.39,165.38
19.12.2018__00:00__AM,160.89,167.45,159.09,166.0
20.12.2018__00:00__AM,156.83,162.11,155.3,160.4
21.12.2018__00:00__AM,150.73,158.16,149.63,156.86
24.12.2018__00:00__AM,146.83,151.55,146.59,148.15
26.12.2018__00:00__AM,157.17,157.23,146.72,148.3
27.12.2018__00:00__AM,156.15,156.77,150.07,155.84
28.12.2018__00:00__AM,156.23,158.52,154.55,157.5
31.12.2018__00:00__AM,157.74,159.36,156.48,158.53
02.01.2019__00:00__AM,157.92,158.85,154.23,154.89
03.01.2019__00:00__AM,142.19,145.72,142.0,143.98
04.01.2019__00:00__AM,148.26,148.5499,143.8,144.53
07.01.2019__00:00__AM,147.93,148.83,145.9,148.7
08.01.2019__00:00__AM,150.75,151.82,148.52,149.56
09.01.2019__00:00__AM,153.31,154.53,149.63,151.29
10.01.2019__00:00__AM,153.8,153.97,150.86,152.5
11.01.2019__00:00__AM,152.29,153.7,151.51,152.88
14.01.2019__00:00__AM,150.0,151.27,149.22,150.85
15.01.2019__00:00__AM,153.07,153.39,150.05,150.27
16.01.2019__00:00__AM,154.94,155.88,153.0,153.08
17.01.2019__00:00__AM,155.86,157.66,153.26,154.2
18.01.2019__00:00__AM,156.82,157.88,155.9806,157.5
22.01.2019__00:00__AM,153.3,156.73,152.62,156.41
23.01.2019__00:00__AM,153.92,155.14,151.7,154.15
24.01.2019__00:00__AM,152.7,154.48,151.74,154.11
25.01.2019__00:00__AM,157.76,158.13,154.32,155.48
28.01.2019__00:00__AM,156.3,156.33,153.66,155.79
29.01.2019__00:00__AM,154.68,158.13,154.11,156.25
30.01.2019__00:00__AM,165.25,166.15,160.23,163.25
31.01.2019__00:00__AM,166.44,169.0,164.56,166.11
01.02.2019__00:00__AM,166.52,168.98,165.93,166.96
04.02.2019__00:00__AM,171.25,171.655,167.28,167.41
05.02.2019__00:00__AM,174.18,175.08,172.3501,172.86
06.02.2019__00:00__AM,174.24,175.57,172.8531,174.65
07.02.2019__00:00__AM,170.94,173.94,170.34,172.4
08.02.2019__00:00__AM,170.41,170.66,168.42,168.99
11.02.2019__00:00__AM,169.43,171.21,169.25,171.05
12.02.2019__00:00__AM,170.89,171.0,169.7,170.1
13.02.2019__00:00__AM,170.18,172.48,169.92,171.39
14.02.2019__00:00__AM,170.8,171.2615,169.38,169.71
15.02.2019__00:00__AM,170.42,171.7,169.75,171.25
19.02.2019__00:00__AM,170.93,171.44,169.49,169.71
20.02.2019__00:00__AM,172.03,173.32,170.99,171.19
21.02.2019__00:00__AM,171.06,172.37,170.3,171.8
22.02.2019__00:00__AM,172.97,173.0,171.38,171.58
25.02.2019__00:00__AM,174.23,175.87,173.95,174.16
26.02.2019__00:00__AM,174.33,175.3,173.1732,173.71
27.02.2019__00:00__AM,174.87,175.0,172.73,173.21
28.02.2019__00:00__AM,173.15,174.91,172.92,174.32
01.03.2019__00:00__AM,174.97,175.15,172.89,174.28
04.03.2019__00:00__AM,175.85,177.75,173.97,175.69
05.03.2019__00:00__AM,175.53,176.0,174.54,175.94
06.03.2019__00:00__AM,174.52,175.49,173.94,174.67
07.03.2019__00:00__AM,172.5,174.44,172.02,173.87
08.03.2019__00:00__AM,172.91,173.07,169.5,170.32
11.03.2019__00:00__AM,178.9,179.12,175.35,175.49
12.03.2019__00:00__AM,180.91,182.67,179.37,180.0
13.03.2019__00:00__AM,181.71,183.3,180.92,182.25
14.03.2019__00:00__AM,183.73,184.1,182.56,183.9
15.03.2019__00:00__AM,186.12,187.33,183.74,184.85
18.03.2019__00:00__AM,188.02,188.39,185.79,185.8
19.03.2019__00:00__AM,186.53,188.99,185.92,188.35
20.03.2019__00:00__AM,188.16,189.49,184.73,186.23
21.03.2019__00:00__AM,195.09,196.33,189.81,190.02
22.03.2019__00:00__AM,191.05,197.69,190.78,195.34
25.03.2019__00:00__AM,188.74,191.98,186.6,191.51
26.03.2019__00:00__AM,186.79,192.88,184.58,191.664
27.03.2019__00:00__AM,188.47,189.76,186.55,188.75
28.03.2019__00:00__AM,188.72,189.55900000000003,187.53,188.95
29.03.2019__00:00__AM,189.95,190.08,188.54,189.83
01.04.2019__00:00__AM,191.24,191.68,188.38,191.64
02.04.2019__00:00__AM,194.02,194.46,191.05,191.09
03.04.2019__00:00__AM,195.35,196.5,193.15,193.25
04.04.2019__00:00__AM,195.69,196.37,193.14,194.79
05.04.2019__00:00__AM,197.0,197.1,195.93,196.45
08.04.2019__00:00__AM,200.1,200.23,196.34,196.42
09.04.2019__00:00__AM,199.5,202.85,199.23,200.32
10.04.2019__00:00__AM,200.62,200.74,198.18,198.68
11.04.2019__00:00__AM,198.95,201.0,198.4431,200.85
12.04.2019__00:00__AM,198.87,200.14,196.21,199.2
15.04.2019__00:00__AM,199.23,199.85,198.01,198.58
16.04.2019__00:00__AM,199.25,201.37,198.56,199.46
17.04.2019__00:00__AM,203.13,203.38,198.61,199.54
18.04.2019__00:00__AM,203.86,204.15,202.52,203.12
22.04.2019__00:00__AM,204.53,204.94,202.34,202.83
23.04.2019__00:00__AM,207.48,207.75,203.9,204.43
24.04.2019__00:00__AM,207.16,208.48,207.05,207.36
25.04.2019__00:00__AM,205.28,207.76,205.12,206.83
26.04.2019__00:00__AM,204.3,205.0,202.12,204.9
29.04.2019__00:00__AM,204.61,205.97,203.86,204.4
30.04.2019__00:00__AM,200.67,203.4,199.11,203.06
01.05.2019__00:00__AM,210.52,215.31,209.23,209.88
02.05.2019__00:00__AM,209.15,212.65,208.13,209.84
03.05.2019__00:00__AM,211.75,211.84,210.23,210.89
06.05.2019__00:00__AM,208.48,208.84,203.5,204.29
07.05.2019__00:00__AM,202.86,207.4175,200.825,205.88
08.05.2019__00:00__AM,202.9,205.34,201.75,201.9
09.05.2019__00:00__AM,200.72,201.68,196.66,200.4
10.05.2019__00:00__AM,197.18,198.85,192.77,197.419
13.05.2019__00:00__AM,185.72,189.48,182.85,187.71
14.05.2019__00:00__AM,188.66,189.7,185.41,186.41
15.05.2019__00:00__AM,190.92,191.75,186.02,186.27
16.05.2019__00:00__AM,190.08,192.4689,188.84,189.91
17.05.2019__00:00__AM,189.0,190.9,186.76,186.93
20.05.2019__00:00__AM,183.09,184.349,180.2839,183.52
21.05.2019__00:00__AM,186.6,188.0,184.7,185.22
22.05.2019__00:00__AM,182.78,185.71,182.55,184.66
23.05.2019__00:00__AM,179.66,180.54,177.81,179.8
24.05.2019__00:00__AM,178.97,182.14,178.62,180.2
28.05.2019__00:00__AM,178.23,180.59,177.91,178.92
29.05.2019__00:00__AM,177.38,179.35,176.0,176.42
30.05.2019__00:00__AM,178.3,179.23,176.67,177.95
31.05.2019__00:00__AM,175.07,177.99,174.99,176.23
03.06.2019__00:00__AM,173.3,177.92,170.27,175.6
04.06.2019__00:00__AM,179.64,179.83,174.52,175.44
05.06.2019__00:00__AM,182.54,184.99,181.14,184.28
06.06.2019__00:00__AM,185.22,185.47,182.1489,183.08
07.06.2019__00:00__AM,190.15,191.92,185.77,186.51
10.06.2019__00:00__AM,192.58,195.37,191.62,191.81
11.06.2019__00:00__AM,194.81,196.0,193.6,194.86
12.06.2019__00:00__AM,194.19,195.97,193.385,193.95
13.06.2019__00:00__AM,194.15,196.79,193.6,194.7
14.06.2019__00:00__AM,192.74,193.5863,190.3,191.545
17.06.2019__00:00__AM,193.89,194.96,192.17,192.9
18.06.2019__00:00__AM,198.45,200.29,195.21,196.05
19.06.2019__00:00__AM,197.87,199.88,197.31,199.68
20.06.2019__00:00__AM,199.46,200.61,198.03,200.37
21.06.2019__00:00__AM,198.78,200.85,198.15,198.8
24.06.2019__00:00__AM,198.58,200.16,198.17,198.54
25.06.2019__00:00__AM,195.57,199.26,195.29,198.43
26.06.2019__00:00__AM,199.8,200.99,197.35,197.77
27.06.2019__00:00__AM,199.74,201.57,199.57,200.29
28.06.2019__00:00__AM,197.92,199.495,197.05,198.68
01.07.2019__00:00__AM,201.55,204.49,200.65,203.17
02.07.2019__00:00__AM,202.73,203.1323,201.36,201.41
03.07.2019__00:00__AM,204.41,204.44,202.6901,203.28
05.07.2019__00:00__AM,204.23,205.08,202.9,203.35
08.07.2019__00:00__AM,200.02,201.4,198.41,200.81
09.07.2019__00:00__AM,201.24,201.51,198.81,199.2
10.07.2019__00:00__AM,203.23,203.73,201.56,201.85
11.07.2019__00:00__AM,201.75,204.39,201.71,203.31
12.07.2019__00:00__AM,203.3,204.0,202.2,202.45
15.07.2019__00:00__AM,205.21,205.87,204.0,204.09
16.07.2019__00:00__AM,204.5,206.11,203.5,204.59
17.07.2019__00:00__AM,203.35,205.0915,203.27,204.05
18.07.2019__00:00__AM,205.66,205.88,203.7,204.0
19.07.2019__00:00__AM,202.59,206.5,202.36,205.79
22.07.2019__00:00__AM,207.22,207.23,203.61,203.65
23.07.2019__00:00__AM,208.84,208.91,207.29,208.46
24.07.2019__00:00__AM,208.67,209.15,207.17,207.67
25.07.2019__00:00__AM,207.02,209.24,206.73,208.89
26.07.2019__00:00__AM,207.74,209.73,207.14,207.48
29.07.2019__00:00__AM,209.68,210.64,208.44,208.46
30.07.2019__00:00__AM,208.78,210.16,207.31,208.76
31.07.2019__00:00__AM,213.04,221.37,211.3,216.42
01.08.2019__00:00__AM,208.43,218.03,206.7435,213.9
02.08.2019__00:00__AM,204.02,206.43,201.63,205.53
05.08.2019__00:00__AM,193.34,198.649,192.58,197.99
06.08.2019__00:00__AM,197.0,198.067,194.04,196.31
07.08.2019__00:00__AM,199.04,199.56,193.82,195.41
08.08.2019__00:00__AM,203.43,203.53,199.39,200.2
09.08.2019__00:00__AM,200.99,202.76,199.29,201.3
12.08.2019__00:00__AM,200.48,202.0516,199.15,199.62
13.08.2019__00:00__AM,208.97,212.14,200.83,201.02
14.08.2019__00:00__AM,202.75,206.44,202.5869,203.16
15.08.2019__00:00__AM,201.74,205.14,199.67,203.46
16.08.2019__00:00__AM,206.5,207.16,203.84,204.28
19.08.2019__00:00__AM,210.35,212.7307,210.025,210.62
20.08.2019__00:00__AM,210.36,213.35,210.32,210.88
21.08.2019__00:00__AM,212.64,213.65,211.6032,212.99
22.08.2019__00:00__AM,212.46,214.435,210.75,213.19
23.08.2019__00:00__AM,202.64,212.051,201.0,209.43
26.08.2019__00:00__AM,206.49,207.19,205.0573,205.86
27.08.2019__00:00__AM,204.16,208.55,203.53,207.86
28.08.2019__00:00__AM,205.53,205.72,203.32,204.1
29.08.2019__00:00__AM,209.01,209.32,206.655,208.5
30.08.2019__00:00__AM,208.74,210.45,207.2,210.16
03.09.2019__00:00__AM,205.7,206.98,204.22,206.43
04.09.2019__00:00__AM,209.19,209.48,207.32,208.39
05.09.2019__00:00__AM,213.28,213.97,211.51,212.0
06.09.2019__00:00__AM,213.26,214.42,212.51,214.05
09.09.2019__00:00__AM,214.17,216.44,211.07,214.84
10.09.2019__00:00__AM,216.7,216.78,211.71,213.86
11.09.2019__00:00__AM,223.59,223.71,217.73,218.07
12.09.2019__00:00__AM,223.085,226.42,222.86,224.8
13.09.2019__00:00__AM,218.75,220.79,217.02,220.0
16.09.2019__00:00__AM,219.9,220.13,217.56,217.73
17.09.2019__00:00__AM,220.7,220.82,219.12,219.96
18.09.2019__00:00__AM,222.77,222.85,219.44,221.06
19.09.2019__00:00__AM,220.96,223.76,220.37,222.01
20.09.2019__00:00__AM,217.73,222.56,217.473,221.38
23.09.2019__00:00__AM,218.72,219.84,217.65,218.95
24.09.2019__00:00__AM,217.68,222.49,217.19,221.055
25.09.2019__00:00__AM,221.03,221.5,217.1402,218.55
26.09.2019__00:00__AM,219.89,220.94,218.83,220.0
27.09.2019__00:00__AM,218.82,220.96,217.2814,220.54
30.09.2019__00:00__AM,223.97,224.58,220.79,220.9
01.10.2019__00:00__AM,224.59,228.22,224.2,225.07
02.10.2019__00:00__AM,218.96,223.58,217.93,223.06
03.10.2019__00:00__AM,220.82,220.96,215.132,218.43
04.10.2019__00:00__AM,227.01,227.49,223.89,225.64
07.10.2019__00:00__AM,227.06,229.93,225.84,226.27
08.10.2019__00:00__AM,224.4,228.06,224.33,225.82
09.10.2019__00:00__AM,227.03,227.79,225.64,227.03
10.10.2019__00:00__AM,230.09,230.44,227.3,227.93
11.10.2019__00:00__AM,236.21,237.64,232.3075,232.95
14.10.2019__00:00__AM,235.87,238.1342,234.6701,234.9
15.10.2019__00:00__AM,235.32,237.65,234.88,236.39
16.10.2019__00:00__AM,234.37,235.24,233.2,233.37
17.10.2019__00:00__AM,235.28,236.15,233.52,235.09
18.10.2019__00:00__AM,236.41,237.58,234.29,234.59
21.10.2019__00:00__AM,240.51,240.99,237.32,237.52
22.10.2019__00:00__AM,239.96,242.2,239.6218,241.16
23.10.2019__00:00__AM,243.18,243.24,241.22,242.1
24.10.2019__00:00__AM,243.58,244.8,241.805,244.51
25.10.2019__00:00__AM,246.58,246.73,242.88,243.16
28.10.2019__00:00__AM,249.05,249.25,246.72,247.42
29.10.2019__00:00__AM,243.29,249.75,242.57,248.97
30.10.2019__00:00__AM,243.26,245.3,241.21,244.76
31.10.2019__00:00__AM,248.76,249.17,237.26,247.24
01.11.2019__00:00__AM,255.82,255.93,249.16,249.54
04.11.2019__00:00__AM,257.5,257.845,255.38,257.33
05.11.2019__00:00__AM,257.13,258.19,256.32,257.05
06.11.2019__00:00__AM,257.24,257.49,255.365,256.77
07.11.2019__00:00__AM,259.43,260.35,258.11,258.74
08.11.2019__00:00__AM,260.14,260.44,256.85,258.69
11.11.2019__00:00__AM,262.2,262.47,258.28,258.3
12.11.2019__00:00__AM,261.96,262.79,260.92,261.55
13.11.2019__00:00__AM,264.47,264.78,261.07,261.13
14.11.2019__00:00__AM,262.64,264.88,262.1,263.75
15.11.2019__00:00__AM,265.76,265.78,263.01,263.68
18.11.2019__00:00__AM,267.1,267.43,264.23,265.8
19.11.2019__00:00__AM,266.29,268.0,265.3926,267.9
20.11.2019__00:00__AM,263.19,266.083,260.4,265.54
21.11.2019__00:00__AM,262.01,264.005,261.18,263.69
22.11.2019__00:00__AM,261.78,263.18,260.84,262.59
25.11.2019__00:00__AM,266.37,266.44,262.52,262.71
26.11.2019__00:00__AM,264.29,267.16,262.5,266.94
27.11.2019__00:00__AM,267.84,267.98,265.31,265.58
29.11.2019__00:00__AM,267.25,268.0,265.9,266.6
02.12.2019__00:00__AM,264.16,268.25,263.45,267.27
03.12.2019__00:00__AM,259.45,259.53,256.29,258.31
04.12.2019__00:00__AM,261.74,263.31,260.68,261.07
05.12.2019__00:00__AM,265.58,265.89,262.73,263.79
06.12.2019__00:00__AM,270.71,271.0,267.3,267.48
09.12.2019__00:00__AM,266.92,270.8,264.91,270.0
10.12.2019__00:00__AM,268.48,270.07,265.86,268.6
11.12.2019__00:00__AM,270.77,271.1,268.5,268.81
12.12.2019__00:00__AM,271.46,272.5599,267.321,267.78
13.12.2019__00:00__AM,275.15,275.3,270.93,271.46
16.12.2019__00:00__AM,279.86,280.79,276.98,277.0
17.12.2019__00:00__AM,280.41,281.77,278.8,279.57
18.12.2019__00:00__AM,279.74,281.9,279.12,279.8
19.12.2019__00:00__AM,280.02,281.18,278.95,279.5
20.12.2019__00:00__AM,279.44,282.65,278.56,282.23
23.12.2019__00:00__AM,284.0,284.25,280.3735,280.53
24.12.2019__00:00__AM,284.27,284.89,282.9197,284.69
26.12.2019__00:00__AM,289.91,289.98,284.7,284.82
27.12.2019__00:00__AM,289.8,293.97,288.12,291.12
30.12.2019__00:00__AM,291.52,292.69,285.22,289.46
31.12.2019__00:00__AM,293.65,293.68,289.52,289.93
02.01.2020__00:00__AM,300.35,300.6,295.19,296.24
03.01.2020__00:00__AM,297.43,300.58,296.5,297.15
06.01.2020__00:00__AM,299.8,299.96,292.75,293.79
07.01.2020__00:00__AM,298.39,300.9,297.48,299.84
08.01.2020__00:00__AM,303.19,304.4399,297.156,297.16
09.01.2020__00:00__AM,309.63,310.43,306.2,307.235
10.01.2020__00:00__AM,310.33,312.67,308.25,310.6
13.01.2020__00:00__AM,316.96,317.07,311.15,311.64
14.01.2020__00:00__AM,312.68,317.57,312.17,316.7
15.01.2020__00:00__AM,311.34,315.5,309.55,311.85
16.01.2020__00:00__AM,315.24,315.7,312.09,313.59
17.01.2020__00:00__AM,318.73,318.74,315.0,316.27
21.01.2020__00:00__AM,316.57,319.02,316.0,317.19
22.01.2020__00:00__AM,317.7,319.99,317.31,318.58
23.01.2020__00:00__AM,319.23,319.56,315.65,317.92
24.01.2020__00:00__AM,318.31,323.33,317.5188,320.25
27.01.2020__00:00__AM,308.95,311.77,304.88,310.06
28.01.2020__00:00__AM,317.69,318.4,312.19,312.6
29.01.2020__00:00__AM,324.34,327.85,321.38,324.45
30.01.2020__00:00__AM,323.87,324.09,318.75,320.5435
31.01.2020__00:00__AM,309.51,322.68,308.29,320.93
03.02.2020__00:00__AM,308.66,313.49,302.22,304.3
04.02.2020__00:00__AM,318.85,319.64,313.6345,315.31
05.02.2020__00:00__AM,321.45,324.76,318.95,323.52
06.02.2020__00:00__AM,325.21,325.22,320.2648,322.57
07.02.2020__00:00__AM,320.03,323.4,318.0,322.37
10.02.2020__00:00__AM,321.55,321.55,313.85,314.18
11.02.2020__00:00__AM,319.61,323.9,318.71,323.6
12.02.2020__00:00__AM,327.2,327.22,321.47,321.47
13.02.2020__00:00__AM,324.87,326.22,323.35,324.19
14.02.2020__00:00__AM,324.95,325.98,322.85,324.73
18.02.2020__00:00__AM,319.0,319.75,314.61,315.36
19.02.2020__00:00__AM,323.62,324.57,320.0,320.0
20.02.2020__00:00__AM,320.3,324.65,318.21,322.63
21.02.2020__00:00__AM,313.05,320.45,310.5,318.62
24.02.2020__00:00__AM,298.18,304.18,289.23,297.26
25.02.2020__00:00__AM,288.08,302.53,286.13,300.95
26.02.2020__00:00__AM,292.65,297.88,286.5,286.53
27.02.2020__00:00__AM,273.52,286.0,272.96,281.1
28.02.2020__00:00__AM,273.36,278.41,256.37,257.26
02.03.2020__00:00__AM,298.81,301.44,277.72,282.28
03.03.2020__00:00__AM,289.32,304.0,285.8,303.67
04.03.2020__00:00__AM,302.74,303.4,293.13,296.44
05.03.2020__00:00__AM,292.92,299.55,291.41,295.52
06.03.2020__00:00__AM,289.03,290.82,281.23,282.0
09.03.2020__00:00__AM,266.17,278.09,263.0,263.75
10.03.2020__00:00__AM,285.34,286.44,269.37,277.14
11.03.2020__00:00__AM,275.43,281.22,271.86,277.39
12.03.2020__00:00__AM,248.23,270.0,248.0,255.94
13.03.2020__00:00__AM,277.97,279.92,252.95,264.89
16.03.2020__00:00__AM,242.21,259.08,240.0,241.95
17.03.2020__00:00__AM,252.86,257.61,238.4,247.51
18.03.2020__00:00__AM,246.67,250.0,237.12,239.77
19.03.2020__00:00__AM,244.78,252.84,242.61,247.385
20.03.2020__00:00__AM,229.24,251.83,228.0,247.18
23.03.2020__00:00__AM,224.37,228.4997,212.61,228.08
24.03.2020__00:00__AM,246.88,247.69,234.3,236.36
25.03.2020__00:00__AM,245.52,258.25,244.3,250.75
26.03.2020__00:00__AM,258.44,258.68,246.36,246.52
27.03.2020__00:00__AM,247.74,255.87,247.05,252.75
30.03.2020__00:00__AM,254.81,255.52,249.4,250.74
31.03.2020__00:00__AM,254.29,262.49,252.0,255.6
01.04.2020__00:00__AM,240.91,248.72,239.13,246.5
02.04.2020__00:00__AM,244.93,245.15,236.9,240.34
03.04.2020__00:00__AM,241.41,245.7,238.9741,242.8
06.04.2020__00:00__AM,262.47,263.11,249.38,250.9
07.04.2020__00:00__AM,259.43,271.7,259.0,270.8
08.04.2020__00:00__AM,266.07,267.37,261.23,262.74
09.04.2020__00:00__AM,267.99,270.07,264.7,268.7
13.04.2020__00:00__AM,273.25,273.7,265.83,268.31
14.04.2020__00:00__AM,287.05,288.25,278.05,280.0
15.04.2020__00:00__AM,284.43,286.33,280.63,282.4
16.04.2020__00:00__AM,286.69,288.1975,282.3502,287.38
17.04.2020__00:00__AM,282.8,286.945,276.86,284.69
20.04.2020__00:00__AM,276.93,281.68,276.85,277.95
21.04.2020__00:00__AM,268.37,277.25,265.43,276.28
22.04.2020__00:00__AM,276.1,277.9,272.2,273.61
23.04.2020__00:00__AM,275.03,281.75,274.87,275.87
24.04.2020__00:00__AM,282.97,283.01,277.0,277.2
27.04.2020__00:00__AM,283.17,284.54,279.95,281.8
28.04.2020__00:00__AM,278.58,285.83,278.2,285.08
29.04.2020__00:00__AM,287.73,289.67,283.89,284.73
30.04.2020__00:00__AM,293.8,294.53,288.35,289.96
01.05.2020__00:00__AM,289.07,299.0,285.85,286.25
04.05.2020__00:00__AM,293.16,293.69,286.3172,289.17
05.05.2020__00:00__AM,297.56,301.0,294.46,295.06
06.05.2020__00:00__AM,300.63,303.24,298.87,300.46
07.05.2020__00:00__AM,303.74,305.17,301.97,303.22
08.05.2020__00:00__AM,310.13,310.35,304.29,305.64
11.05.2020__00:00__AM,315.01,317.05,307.24,308.1
12.05.2020__00:00__AM,311.41,319.688,310.91,317.83
13.05.2020__00:00__AM,307.65,315.95,303.21,312.15
14.05.2020__00:00__AM,309.54,309.79,301.53,304.51
15.05.2020__00:00__AM,307.71,307.9,300.21,300.35
18.05.2020__00:00__AM,314.96,316.5,310.3241,313.17
19.05.2020__00:00__AM,313.14,318.52,313.01,315.03
20.05.2020__00:00__AM,319.23,319.52,316.2,316.68
21.05.2020__00:00__AM,316.85,320.89,315.87,318.66
22.05.2020__00:00__AM,318.89,319.23,315.35,315.77
